ma_dinh_danh,ho_ten,ngay_sinh,gioi_tinh,lop,khoi,ho_ten_phu_huynh,dien_thoai_phu_huynh
HS09001,Nguyễn Văn Khoa,12/05/2014,Nam,8A1,8,Nguyễn Văn Bình,0912000001
HS09002,Trần Thị Mai,03/09/2014,Nữ,8A1,8,Trần Văn Hùng,0912000002
HS09003,,21/07/2014,Nam,8A1,8,Lê Thị Hoa,0912000003
HS09004,Phạm Minh Long,31/02/2014,Nam,8A1,8,Phạm Văn Tú,0912000004
HS09002,Trần Thị Mai,03/09/2014,Nữ,8A1,8,Trần Văn Hùng,0912000002
HS09005,Vũ Ngọc Linh,18/11/2014,Khác,8A2,8,Vũ Văn Thái,091200
HS09006,Đỗ Thành Nam,05/01/2014,Nam2,8A2,8,Đỗ Văn Lâm,0912000006
HS09007,Hoàng Thu Trang,27/04/1998,Nữ,8A2,8,Hoàng Văn Sơn,0912000007
HS09008,Bùi Đức Việt,09/08/2014,Nam,,8,Bùi Thị Lan,0912000008
HS00001,Trùng mã học sinh đã có,01/01/2014,Nam,6A1,6,Phụ huynh,0912000009
